organization_name,email,keyword1,keyword2,keyword3,
Express Scripts Foundation,meetings20@expressscripts.com,healthcare,medicine,pharmacy,
Centene Charitable Foundation,meetings22@centene.com,healthcare,medicine,pharmacy,
Slalom,mo@hackathon.com,strategy,community,consulting,
University of Missouri,dmirch@umsl.edu,education,teaching,training,
International Institute,meetings12@iistl.org,languages,refugee,immigrant,
Humane Society of Missouri,meetings14@hsmo.org,animals,rescue,shelter,
St. Louis Zoo,meetings16@stlzoo.org,animals,conservation,zoo,
Nurses for Newborns,meetings18@nfnstl.org,babies,mothers,newborns,
St. Louis Public Schools Foundation,meetings10@slps.org,education,teaching,schools,
,,,,,
,,,,,
,,,,,
,,,,,
